,Title,published_date,Views,Likes,comments,Published_date,Comments,Month
0,How Does ChatGPT Image Analysis Do on an IQ Test?,2023-11-30T12:00:22Z,2210,68,21,2023-11-30,21,Nov
1,A Data Dream Come True,2023-11-17T12:00:28Z,2153,91,23,2023-11-17,23,Nov
2,The Death of the Full-Time Job (Rise of the Contractor),2023-09-22T11:46:35Z,6012,398,75,2023-09-22,75,Sep
3,How to Survive a Down Data Job Market,2023-09-05T10:50:39Z,17056,565,63,2023-09-05,63,Sep
4,The Harsh Reality of the Data Job Market,2023-08-24T11:30:19Z,107220,2608,294,2023-08-24,294,Aug
5,7 Industries AI will Aggressively Disrupt,2023-08-14T11:30:19Z,6226,246,41,2023-08-14,41,Aug
6,What's in My Data Science Travel Bag? (50+ Flights Last Year),2023-08-07T17:57:05Z,4248,131,48,2023-08-07,48,Aug
7,7 Enticing Jobs AI Will Create,2023-07-24T12:00:01Z,4730,199,37,2023-07-24,37,Jul
8,The ChatGPT Code Interpreter is OVERRATED,2023-07-22T09:42:29Z,4119,144,31,2023-07-22,31,Jul
9,Exciting Announcement!,2023-06-23T17:28:36Z,6660,298,50,2023-06-23,50,Jun
10,AI: A Customer Service Revolution?,2023-05-26T12:00:21Z,3924,123,35,2023-05-26,35,May
11,Beginner Kaggle Data Science Project Walk-Through (Housing Prices) | With ChatGPT,2023-05-16T12:00:25Z,42074,1390,59,2023-05-16,59,May
12,How I Would Learn Data Science with AI (If I Could Start Over),2023-05-04T12:04:56Z,34590,1463,77,2023-05-04,77,May
13,This AI question will determine our future,2023-04-06T13:00:32Z,4294,261,37,2023-04-06,37,Apr
14,I'll Never Code the Same Again... (GPT-4 is OP),2023-04-03T13:00:27Z,71304,835,78,2023-04-03,78,Apr
15,Your current portfolio is actually hurting you #shorts,2023-03-30T13:00:37Z,8275,477,7,2023-03-30,7,Mar
16,"Traditional ""networking"" is stupid. Do THIS instead #shorts",2023-03-27T13:00:41Z,7498,401,2,2023-03-27,2,Mar
17,you're job searching wrong. #shorts,2023-03-23T13:00:35Z,4400,261,3,2023-03-23,3,Mar
18,The Economics of Data Roles #shorts,2023-03-21T13:00:15Z,9799,596,12,2023-03-21,12,Mar
19,Why your phone knows everything you say #shorts,2023-03-18T13:00:42Z,3414,156,8,2023-03-18,8,Mar
20,Read these for a successful career. #shorts,2023-03-16T01:19:35Z,3164,246,2,2023-03-16,2,Mar
21,Is Your Phone Actually Listening to You? #shorts,2023-03-09T13:00:01Z,2611,47,5,2023-03-09,5,Mar
22,How I Realized I Was a Bad Manager #shorts,2023-03-07T13:00:11Z,2844,137,1,2023-03-07,1,Mar
23,How I Use ChatGPT as a Data Scientist (4-5 hrs Saved Per Week),2023-03-03T13:00:07Z,20637,763,51,2023-03-03,51,Mar
24,Why I Quit Data Science... and then crawled back #shorts,2023-03-01T13:00:17Z,8259,271,13,2023-03-01,13,Mar
25,The Best Place to Look for Data Science Opportunities #shorts,2023-02-27T13:00:32Z,2751,168,2,2023-02-27,2,Feb
26,Learning On the companies dime #shorts,2023-02-24T17:00:13Z,3211,175,1,2023-02-24,1,Feb
27,The Best Way to Transition to Data Science? #shorts,2023-02-21T17:13:47Z,4373,271,6,2023-02-21,6,Feb
28,Avoid this Massive Data Science Learning Mistake #shorts,2023-02-17T13:00:03Z,7221,405,6,2023-02-17,6,Feb
29,Don't Go into Data for the Money #shorts,2023-02-15T10:00:37Z,3800,220,12,2023-02-15,12,Feb
30,First Data Science Project? Watch This.,2023-02-13T13:00:36Z,7626,371,24,2023-02-13,24,Feb
31,How to Approach Applying for a Data Role #shorts,2023-02-08T13:00:39Z,3690,244,7,2023-02-08,7,Feb
32,The Hard Reality of Data Science Work #shorts,2023-02-06T19:35:25Z,16574,881,16,2023-02-06,16,Feb
33,How Much Money Does a Data Scientist Make? #shorts,2023-02-03T12:00:03Z,4782,195,6,2023-02-03,6,Feb
34,These 3 Things Make Data Science Special #shorts,2023-02-01T12:00:12Z,4320,346,7,2023-02-01,7,Feb
35,Will Data Science Be Automated? #shorts,2023-01-27T11:00:44Z,10227,425,8,2023-01-27,8,Jan
36,Is Data Science A Good Fit For You? #shorts,2023-01-25T11:00:05Z,5162,293,11,2023-01-25,11,Jan
37,5 Books I Wish I Read Earlier In My Career,2023-01-23T15:31:48Z,9494,522,50,2023-01-23,50,Jan
38,How To Start Working on Data Science Projects (As a Beginner) #shorts,2023-01-19T07:00:06Z,9434,730,15,2023-01-19,15,Jan
39,What Data Science Tool Would I Learn First? #shorts,2023-01-17T07:00:12Z,6321,474,10,2023-01-17,10,Jan
40,How long does it take to become a Data Scientist? #shorts,2023-01-12T11:45:02Z,7169,507,6,2023-01-12,6,Jan
41,Where & how to start your Data Science Journey #shorts,2023-01-09T00:35:13Z,7029,421,2,2023-01-09,2,Jan
42,How I Would NOT Learn Data Science in 2023.,2023-01-03T13:00:34Z,128265,4200,255,2023-01-03,255,Jan
43,The Greatest Data Science Event You Never Heard Of  [Behind The Scenes],2022-12-14T13:00:23Z,4936,207,28,2022-12-14,28,Dec
44,The Essential Programming Concepts For Learning Data Science,2022-11-14T13:00:02Z,20709,858,46,2022-11-14,46,Nov
45,The Data Content House: What You Missed,2022-10-07T13:00:04Z,10561,348,49,2022-10-07,49,Oct
46,Is Data Science A Good Career?,2022-09-29T20:40:31Z,63293,1970,140,2022-09-29,140,Sep
47,IRON ANALYST (Teaser) #shorts,2022-09-27T17:21:13Z,5663,365,24,2022-09-27,24,Sep
48,When a New Data Scientist Joins The Team,2022-08-29T13:00:01Z,16701,753,134,2022-08-29,134,Aug
49,State of Data Science - Web Data,2022-08-05T20:20:04Z,10477,354,34,2022-08-05,34,Aug
50,Data Science Town Hall - State of Data Science,2022-08-04T18:34:49Z,10005,368,37,2022-08-04,37,Aug
51,The Programming Roadmap For Data Science,2022-07-29T14:31:33Z,28030,1314,63,2022-07-29,63,Jul
52,5 Impactful Data Science Projects For Your Portfolio,2022-06-27T13:00:10Z,89598,3254,92,2022-06-27,92,Jun
53,Can AI Fix my Baseball Swing?,2022-06-10T13:00:00Z,7791,344,68,2022-06-10,68,Jun
54,Every Data Scientist... (funny!),2022-05-24T13:00:07Z,17363,858,145,2022-05-24,145,May
55,State of Data Science (Town Hall) ft - Data Squad,2022-05-07T22:43:20Z,16004,427,65,2022-05-07,65,May
56,Data Science Portfolio Project From Scratch | Building a YouTube Data Dashboard with Streamlit,2022-04-04T13:00:16Z,67199,1669,85,2022-04-04,85,Apr
57,Why You Are NOT Landing Data Jobs ... Yet,2022-03-25T13:00:38Z,21996,901,110,2022-03-25,110,Mar
58,Data Scientists VS NFT Scam,2022-03-03T13:00:36Z,4793,189,41,2022-03-03,41,Mar
59,When a PM Joins the Data Team... (funny!) - Ft @LukeBarousse,2022-02-21T13:00:03Z,11323,513,144,2022-02-21,144,Feb
60,What Professional Data Scientists ACTUALLY Do,2022-02-14T13:00:31Z,99734,3439,187,2022-02-14,187,Feb
61,Can You Analyze My Data Better Than I Can?,2022-01-31T13:00:11Z,7467,324,60,2022-01-31,60,Jan
62,Giving Back to My Most Engaged Subscribers!,2022-01-28T13:00:01Z,2335,118,87,2022-01-28,87,Jan
63,How to Make $1 Billion Betting on Horse Racing with Machine Learning,2022-01-24T13:00:09Z,46093,1156,139,2022-01-24,139,Jan
64,Should You Be Excited About Web 3? (As a Data Scientist),2022-01-17T13:00:00Z,8936,425,82,2022-01-17,82,Jan
65,Should  @LukeBarousse Take This Data Analyst Job? (Funny) #Shorts,2022-01-14T10:00:02Z,8606,255,33,2022-01-14,33,Jan
66,The Only Data Science Explanation You Need,2022-01-10T13:00:33Z,64912,2282,172,2022-01-10,172,Jan
67,We Need to Talk About The LinkedIn Machine Learning Assessment.,2022-01-03T13:00:35Z,14551,647,144,2022-01-03,144,Jan
68,How I Would Learn Data Science in 2022 (If I Had to Start Over),2021-12-27T13:00:34Z,344394,15022,535,2021-12-27,535,Dec
69,What the Heck is WSL 2? (My New Favorite Tool),2021-12-17T14:00:01Z,15022,491,67,2021-12-17,67,Dec
70,How Statistics Saved the US SERIOUS $$$$ During WW2 #Shorts,2021-12-10T13:00:22Z,8080,572,25,2021-12-10,25,Dec
71,How Zillow Lost $500 MILLION With Machine Learning,2021-12-03T13:00:14Z,25011,1183,142,2021-12-03,142,Dec
72,Why Is Data Engineering So HOT Right Now?,2021-11-26T13:00:22Z,29679,1099,137,2021-11-26,137,Nov
73,Is Data Science Dying?,2021-11-19T13:00:01Z,125294,3897,360,2021-11-19,360,Nov
74,7 Incredible Books That Transformed My Health and My Life,2021-11-12T13:00:04Z,8474,397,113,2021-11-12,113,Nov
75,Why EVERYONE Should Start a Podcast (Including YOU),2021-11-05T13:00:23Z,3643,202,44,2021-11-05,44,Nov
76,Building a Burrito Dashboard - Data Science Project from Scratch with atoti,2021-10-29T12:00:01Z,14001,306,39,2021-10-29,39,Oct
77,ML Ops: What is it REALLY?,2021-10-22T13:00:00Z,7211,287,66,2021-10-22,66,Oct
78,Business Skills for Data Science: What are they REALLY?,2021-10-18T13:00:27Z,6913,303,50,2021-10-18,50,Oct
79,#66DaysOfData Round 3 Live Event! (feat. @statquest),2021-10-12T16:05:54Z,2215,123,5,2021-10-12,5,Oct
80,Roasting My First Data Science Project (Common Project Mistakes),2021-10-08T13:00:15Z,5999,283,64,2021-10-08,64,Oct
81,Is Data Visualization Important for Data Science? (A Data Scientist's Perspective),2021-08-20T13:00:20Z,13027,533,108,2021-08-20,108,Aug
82,Project Presentation - Expectations vs. Reality (funny) #shorts,2021-08-07T14:00:11Z,10324,436,32,2021-08-07,32,Aug
83,Data Science Project - Expectations vs Reality (funny) #shorts,2021-08-06T23:04:24Z,42040,1619,32,2021-08-06,32,Aug
84,How I Learned to Learn.,2021-07-31T13:00:26Z,50974,2363,209,2021-07-31,209,Jul
85,Is Spotify Shuffle Really Random? #Shorts,2021-07-21T13:00:21Z,11161,609,51,2021-07-21,51,Jul
86,I Eat a Papaya Live on Stream (Plus Q&A for 150K Subs!),2021-07-16T21:30:26Z,2463,92,30,2021-07-16,30,Jul
87,Why are APIs Important for Data Science?,2021-07-09T13:00:32Z,10494,467,95,2021-07-09,95,Jul
88,Is Your Phone REALLY Listening to You?,2021-07-03T13:00:31Z,5237,279,116,2021-07-03,116,Jul
89,Kaggle vs Github - Which is Best for Your Data Science Portfolio?,2021-06-25T13:00:12Z,16654,636,123,2021-06-25,123,Jun
90,#66DaysOfData - 3 Reasons to Start!,2021-06-18T13:00:32Z,4113,225,41,2021-06-18,41,Jun
91,#66DaysOfData - What is it? #shorts,2021-06-11T12:48:29Z,9452,397,54,2021-06-11,54,Jun
92,A Quick Data Science Project Tip! #SHORTS,2021-06-03T13:00:06Z,16895,1028,89,2021-06-03,89,Jun
93,Discouraged with Data Science? - Watch THIS video.,2021-05-28T13:00:02Z,7528,392,195,2021-05-28,195,May
94,How Data Science Projects Pay Off,2021-05-22T13:30:03Z,10987,605,146,2021-05-22,146,May
95,How I Use Data to Optimize My Life | What I Collect & How I Analyze It,2021-05-14T13:00:03Z,10727,489,134,2021-05-14,134,May
96,What is a lambda function (python)? #shorts,2021-05-13T00:38:55Z,16046,971,49,2021-05-13,49,May
97,Why Kaggle Should Be Your Favorite Data Science Resource #shorts,2021-05-07T13:00:30Z,33601,1741,63,2021-05-07,63,May
98,What is Pandas? (Data & Data Science) #shorts,2021-04-30T13:00:07Z,25007,1285,85,2021-04-30,85,Apr
99,The 7 Biggest Data Science  Beginner Mistakes,2021-04-23T13:00:14Z,77654,3435,284,2021-04-23,284,Apr
100,Data Scientist Reacts: REAL Data Science Job Application Data,2021-04-16T13:00:00Z,23629,695,85,2021-04-16,85,Apr
101,Why You Probably Won't Become a Data Scientist,2021-04-09T13:00:31Z,138947,4035,474,2021-04-09,474,Apr
102,How to Go From Data Analyst to Data Scientist,2021-04-02T13:00:14Z,55030,1566,178,2021-04-02,178,Apr
103,Why I Have 2 Offices for Data Science & Content Creation,2021-03-26T13:00:03Z,4015,138,92,2021-03-26,92,Mar
104,MARCH MADNESS - Will My Machine Learning Model Beat Your Bracket?,2021-03-19T13:00:32Z,18758,361,108,2021-03-19,108,Mar
105,My Regrets as a Data Science Student,2021-03-12T13:00:27Z,24059,881,112,2021-03-12,112,Mar
106,My Daily Battle With Time - Will I Win? [Vlog],2021-03-08T13:00:06Z,3851,196,83,2021-03-08,83,Mar
107,What is the Future of my Comment Leaderboard Project?,2021-02-26T14:00:15Z,5603,201,81,2021-02-26,81,Feb
108,How to Build a Website  - Building my ULTIMATE Portfolio Website,2021-02-19T13:00:14Z,6978,177,51,2021-02-19,51,Feb
109,Why I Quit Data Science,2021-02-12T13:00:19Z,105348,2351,347,2021-02-12,347,Feb
110,ðŸŒ¶ Hot Topics in Tech: Data Science Explained #SHORTS,2021-01-29T13:00:06Z,10800,559,116,2021-01-29,116,Jan
111,How I Balance Data Science and Content Creation (7 Secrets),2021-01-23T14:00:30Z,7029,293,124,2021-01-23,124,Jan
112,Kaggle Project From Scratch - Part 3 (Advanced Graphs & Gender Imbalance Analysis),2021-01-16T14:00:10Z,10130,310,52,2021-01-16,52,Jan
113,Kaggle Project From Scratch - Part 2 (Exploratory Data Analysis),2021-01-08T13:00:16Z,23639,706,134,2021-01-08,134,Jan
114,Kaggle Project From Scratch - Part 1 (Data Science Profession Survey),2021-01-02T14:00:26Z,39456,1161,148,2021-01-02,148,Jan
115,What is the #66DaysOfData?,2020-12-26T14:00:31Z,70792,2335,200,2020-12-26,200,Dec
116,How I Would Learn Data Science in 2021 (What Has Changed?),2020-12-19T14:00:01Z,131724,5958,488,2020-12-19,488,Dec
117,Unboxing the Ultimate Z by HP Data Science Package (FIRST EVER HP Workstation w/ Data Science Stack),2020-12-10T13:00:09Z,11125,402,133,2020-12-10,133,Dec
118,I Built the FIRST EVER YouTube Subscriber LEADERBOARD,2020-12-07T14:00:11Z,23730,724,324,2020-12-07,324,Dec
119,7 Things to Look For in a Masters For Data Science (feat. @TinaHuang1),2020-11-20T13:00:26Z,28644,870,160,2020-11-20,160,Nov
120,6 Lessons from #66DaysOfData,2020-11-13T13:00:02Z,6772,338,93,2020-11-13,93,Nov
121,100K Channel Update + AMA Stream!,2020-11-12T17:34:26Z,2322,126,22,2020-11-12,22,Nov
122,Find a Data Science Project With These 3 Techniques,2020-11-06T13:00:13Z,17026,732,106,2020-11-06,106,Nov
123,How I Chose My Masters Degree for Breaking into Data Science,2020-10-30T14:00:07Z,28106,688,155,2020-10-30,155,Oct
124,git for Data Science Made Simple... (Hopefully),2020-10-23T15:00:10Z,21326,910,92,2020-10-23,92,Oct
125,The PODCAST you might have asked for?,2020-10-19T15:00:11Z,2128,93,44,2020-10-19,44,Oct
126,Dealing with Doubt in Data Science (My Impostor Syndrome Story),2020-10-16T15:00:18Z,6800,450,113,2020-10-16,113,Oct
127,Advice from a Data Analytics CEO (@How to Get an Analytics Job) - KNN EP. 17,2020-10-14T15:00:11Z,14695,427,47,2020-10-14,47,Oct
128,Data Science Resume Round-Up With @Tina Huang  | Episode 3,2020-10-12T15:00:00Z,7048,150,62,2020-10-12,62,Oct
129,5 Unusual Data Science Projects that Will Land You a Job,2020-10-09T15:00:09Z,12333,580,83,2020-10-09,83,Oct
130,Sh*t Data Scientists Say (Parody),2020-10-05T15:00:08Z,9686,581,144,2020-10-05,144,Oct
131,5 Proven Strategies to Break into a Data Science Job,2020-10-02T15:00:08Z,8641,364,93,2020-10-02,93,Oct
132,Why Data-Viz is so Darn Important (@Story by Data | Kate Strachnyi) - KNN EP. 16,2020-09-30T15:00:09Z,7100,287,61,2020-09-30,61,Sep
133,Data Science Resume Round-Up With @TinaHuang1  - Episode 1,2020-09-28T15:00:04Z,11947,291,69,2020-09-28,69,Sep
134,5 Essential Data Science Projects for Your Portfolio,2020-09-26T15:00:06Z,74252,3132,206,2020-09-26,206,Sep
135,His Startup Will Land You a Data Science Job (Jeremie Harris) - KNN EP. 15,2020-09-23T15:00:02Z,5223,199,64,2020-09-23,64,Sep
136,Reviewing Your Data Science Projects - Episode 21(The Cleanest Portfolio),2020-09-21T15:00:03Z,13855,520,60,2020-09-21,60,Sep
137,"Hedge Funds, Startups, and Data Science Oh my! (@DataLeap) - KNN EP. 14",2020-09-18T16:00:10Z,7545,254,34,2020-09-18,34,Sep
138,Land a Data Science Job in a Different Country (Vijay Pravin Maharajan) - KNN EP. 13,2020-09-16T15:00:24Z,5124,197,56,2020-09-16,56,Sep
139,Reviewing Your Data Science Projects - Episode 20 (Bootcamp Capstone),2020-09-14T15:00:00Z,4358,156,35,2020-09-14,35,Sep
140,The 5 Pillars of Success I Live By,2020-09-11T15:00:11Z,10163,872,152,2020-09-11,152,Sep
141,Fast Cars to Faster Data (Alex Castrounis) - KNN EP. 12,2020-09-09T15:00:12Z,1897,79,25,2020-09-09,25,Sep
142,Reviewing Your Data Science Projects - Episode 19 (One Big Improvement),2020-09-07T15:00:30Z,4060,164,43,2020-09-07,43,Sep
143,How I Learn Data Science Through Studying Other People's Code | #66DaysOfData,2020-09-04T15:00:00Z,11956,742,145,2020-09-04,145,Sep
144,How She Dominated the FAANG Data Science Interview  (@TinaHuang1 ) - KNN EP. 11,2020-09-02T15:00:13Z,18082,575,89,2020-09-02,89,Sep
145,Reviewing Your Data Science Projects - Episode 18 (Job-Worthy GitHub),2020-08-31T15:00:15Z,18280,796,93,2020-08-31,93,Aug
146,Why I'm Starting Data Science Over Again.,2020-08-29T15:30:10Z,50829,2597,450,2020-08-29,450,Aug
147,Inside the Mind of the Ultimate Kaggle Grandmaster (@Abhishek Thakur ) - KNN EP. 10,2020-08-26T15:00:03Z,15406,638,78,2020-08-26,78,Aug
148,Reviewing Your Data Science Projects - Episode 17 (Best Portfolio Website Yet?),2020-08-24T15:00:31Z,13376,474,55,2020-08-24,55,Aug
149,Don't Buy My Course..,2020-08-21T16:00:32Z,7350,359,146,2020-08-21,146,Aug
150,How a Subscriber Landed a Data Analyst Job in Less Than a Year (Ray Ojel) - KNN EP. 09,2020-08-19T15:00:11Z,29162,1110,166,2020-08-19,166,Aug
151,Reviewing Your Projects - Episode 16 (Project Review for Beginners),2020-08-17T15:00:07Z,3258,127,38,2020-08-17,38,Aug
152,Data Scientist Dismantles the YouTube Algorithm.,2020-08-14T15:00:31Z,6370,539,108,2020-08-14,108,Aug
153,Sports Analytics & Streaming Data Science on Twitch (Nick Wan) - KNN EP. 08,2020-08-12T15:30:26Z,5076,188,39,2020-08-12,39,Aug
154,Reviewing Your Data Science Projects - Episode 15 (Quant Finance),2020-08-10T15:00:08Z,13194,415,53,2020-08-10,53,Aug
155,The Plagiarism Problem in Data Science,2020-08-07T15:00:16Z,13117,627,145,2020-08-07,145,Aug
156,Interview with the Director of AI Research @ NVIDIA (Anima Anandkumar) - KNN EP. 07,2020-08-05T15:00:09Z,14523,603,89,2020-08-05,89,Aug
157,Reviewing Your Data Science Projects - Episode 14 [Deep Learning Focus],2020-08-03T15:00:08Z,4942,186,56,2020-08-03,56,Aug
158,My First Data Science Contracting Side-Gig (How I Did It),2020-07-31T14:30:01Z,11541,582,90,2020-07-31,90,Jul
159,Do You Have a Data Science Mentor? (@Danny Ma) - KNN EP. 06,2020-07-30T01:00:10Z,2337,116,34,2020-07-30,34,Jul
160,Reviewing Your Data Science Projects - Episode 13 (BONUS LinkedIn Review),2020-07-27T15:00:30Z,5747,251,112,2020-07-27,112,Jul
161,Building a Deep Learning BEAST (NVIDIA TITAN RTX + RYZEN 3900X),2020-07-24T15:00:11Z,8292,246,199,2020-07-24,199,Jul
162,Is it Important to Share Your Data Science Work? (Ft. Eric Weber),2020-07-22T15:00:05Z,1878,97,27,2020-07-22,27,Jul
163,Reviewing Your Data Science Resumes - Episode 12 (3 Different Resumes!),2020-07-20T15:00:08Z,29370,563,90,2020-07-20,90,Jul
164,Beginner Kaggle Data Science Project Walk-Through (Titanic),2020-07-17T16:00:05Z,358976,7773,439,2020-07-17,439,Jul
165,Uber Driver to Machine Learning Engineer in 9 Months! (@Daniel Bourke) - KNN EP. 05,2020-07-16T02:00:09Z,30510,1126,121,2020-07-16,121,Jul
166,Reviewing Your Data Science Projects - Episode 11(GITHUB CLEANING),2020-07-13T16:00:01Z,3663,133,50,2020-07-13,50,Jul
167,The Best Computer for Data Science Beginners,2020-07-10T16:00:09Z,39343,863,158,2020-07-10,158,Jul
168,Should You Major in Data Science? (Jaemin Lee) - KNN EP. 04,2020-07-08T21:00:09Z,6179,231,82,2020-07-08,82,Jul
169,Critiquing MY OWN Data Science Resume,2020-07-06T16:00:30Z,12787,399,88,2020-07-06,88,Jul
170,Where to Start Learning Data Science,2020-07-03T16:00:04Z,19075,780,125,2020-07-03,125,Jul
171,"Data Science Productivity, Motivation, and Organization (ft. Data Professor & Codebasics)",2020-07-01T15:00:12Z,4222,197,35,2020-07-01,35,Jul
172,Reviewing Your Data Science Projects - Episode 10 (Leveraging Your Data),2020-06-29T15:00:08Z,4636,176,52,2020-06-29,52,Jun
173,How to Get a Data Science Job at FAANG (@Data Science Jay) - KNN EP. 03,2020-06-26T15:00:10Z,16747,552,79,2020-06-26,79,Jun
174,Reviewing Your Data Science Projects - Episode 9 (Professional Violinist),2020-06-22T13:00:03Z,2435,82,40,2020-06-22,40,Jun
175,"Ken Jee Q & A Live Stream (50,000 Sub Special!)",2020-06-20T02:09:18Z,2389,139,49,2020-06-20,49,Jun
176,Reviewing Your Data Science Projects - Episode 8 (College Student Help),2020-06-15T13:00:12Z,4416,168,46,2020-06-15,46,Jun
177,Why You're Struggling to Learn Data Science,2020-06-12T13:00:17Z,15328,1008,159,2020-06-12,159,Jun
178,Reviewing Your Data Science Projects - Episode 7 (Incredible Portfolio Website),2020-06-08T13:00:21Z,12155,363,70,2020-06-08,70,Jun
179,The State of Data Science with Krish Naik & The Data Professor [Panel Discussion],2020-06-05T13:00:26Z,24310,691,146,2020-06-05,146,Jun
180,Reviewing Your Data Science Projects - Episode 6 (Only 3 months of coding experience),2020-06-01T13:00:32Z,5729,155,53,2020-06-01,53,Jun
181,How to Build a Data Science Portfolio Website with Hugo & Github Pages [feat. Data Professor],2020-05-29T13:00:21Z,76504,2261,272,2020-05-29,272,May
182,Reviewing Your Data Science Projects - Episode 5 (Very Detailed Project),2020-05-25T13:00:13Z,21011,488,81,2020-05-25,81,May
183,Different Data Science Roles Explained (by a Data Scientist),2020-05-22T13:01:09Z,56586,2003,178,2020-05-22,178,May
184,Reviewing Your Data Science Projects - Episode 4 (Resume & Github),2020-05-18T13:00:22Z,11294,180,53,2020-05-18,53,May
185,How to Make A Data Science Portfolio Website with Github Pages,2020-05-15T13:30:00Z,137391,4559,193,2020-05-15,193,May
186,10000 Subscriber and 100th Video Special (Data Science),2020-05-13T13:00:17Z,3104,147,115,2020-05-13,115,May
187,Reviewing Your Data Science Projects - Episode 3 (Student Portfolio),2020-05-11T13:00:33Z,4565,155,74,2020-05-11,74,May
188,How I Would Learn Data Science (If I Had to Start Over),2020-05-08T13:00:03Z,1399228,48933,1989,2020-05-08,1989,May
189,Reviewing Your Data Science Projects - Episode 2 (Resume and Portfolio),2020-05-04T13:00:12Z,5607,197,42,2020-05-04,42,May
190,What You Need to Know for a Data Science Internship,2020-05-01T13:00:10Z,22614,1215,60,2020-05-01,60,May
191,Reviewing Your Data Science Projects - Episode 1 (Exploratory Analysis),2020-04-27T13:00:10Z,8397,347,53,2020-04-27,53,Apr
192,What It's Like to be a Socially Distanced Data Scientist (A Day in the Life),2020-04-24T13:00:32Z,15002,454,103,2020-04-24,103,Apr
193,Data Science in Sports - Talk for Northwestern (Kellogg) MBA Students,2020-04-22T13:00:30Z,3186,85,24,2020-04-22,24,Apr
194,5 Tips for Crushing the Work From Home Life,2020-04-20T13:00:04Z,5452,200,38,2020-04-20,38,Apr
195,Data Science Project from Scratch - Part 7 (Documenting Your Work),2020-04-17T13:00:04Z,22358,748,129,2020-04-17,129,Apr
196,Data Science Project from Scratch -  Part 6 (Putting the Model into Production),2020-04-15T13:00:32Z,30587,740,98,2020-04-15,98,Apr
197,Data Science Project from Scratch  - Part 5 (Model Building),2020-04-13T13:00:03Z,45737,923,155,2020-04-13,155,Apr
198,Data Science Project from Scratch - Part 4 (Exploratory Data Analysis),2020-04-10T13:00:15Z,74602,1921,214,2020-04-10,214,Apr
199,Data Science Project from Scratch - Part 3 (Data Cleaning),2020-04-08T13:00:19Z,83463,1791,278,2020-04-08,278,Apr
200,Data Science Project from Scratch - Part 2 (Data Collection),2020-04-06T13:00:07Z,133705,3574,623,2020-04-06,623,Apr
201,Data Science Project from Scratch - Part 1 (Project Planning),2020-04-03T13:00:12Z,206343,5172,173,2020-04-03,173,Apr
202,When Data Science Goes Wrong,2020-03-30T13:00:06Z,1820,106,30,2020-03-30,30,Mar
203,How to ULTRALEARN Data Science,2020-03-27T13:00:02Z,62191,3814,168,2020-03-27,168,Mar
204,Why Right NOW is a Great Time to Learn Data Science,2020-03-23T13:00:30Z,4483,267,50,2020-03-23,50,Mar
205,Data Science Project Example Start to Finish (Deep Learning Image Classifier),2020-03-20T13:00:22Z,13618,474,45,2020-03-20,45,Mar
206,The Secret Data Scientists Don't Want You to Know,2020-03-16T13:00:23Z,10878,1141,102,2020-03-16,102,Mar
207,The 5 Stages of Learning Data Science,2020-03-13T13:00:26Z,17631,1296,78,2020-03-13,78,Mar
208,Can You Learn Data Science Without a Computer?,2020-03-11T13:00:03Z,1874,130,14,2020-03-11,14,Mar
209,The Best Free Data Science Courses Nobody is Talking About,2020-03-09T13:00:04Z,349119,21213,620,2020-03-09,620,Mar
210,The Data Science Projects that Got Me a Job,2020-03-06T14:00:11Z,41445,1399,41,2020-03-06,41,Mar
211,How to Integrate Data Science into Your Business,2020-03-02T14:00:01Z,3409,128,18,2020-03-02,18,Mar
212,The Problem with Data Science,2020-02-28T14:00:07Z,3817,152,18,2020-02-28,18,Feb
213,How Much Did Cheating Help the Astros Win? (What the Numbers Say),2020-02-24T14:00:00Z,1202,45,16,2020-02-24,16,Feb
214,How to Set Up Your Data Science Environment (Anaconda Beginner),2020-02-21T14:00:02Z,136957,2560,96,2020-02-21,96,Feb
215,3 Proven Data Science Projects for Beginners (Kaggle),2020-02-17T14:00:04Z,332849,17949,526,2020-02-17,526,Feb
216,Data Science Advice for College Students,2020-02-14T17:22:37Z,69141,1964,195,2020-02-14,195,Feb
217,Avoid These Data Science Resume Mistakes!,2020-02-10T15:52:59Z,28803,1246,62,2020-02-10,62,Feb
218,Data Science Explained with ... Cooking?,2020-02-07T15:56:55Z,5471,317,48,2020-02-07,48,Feb
219,The 4 Types of Sports Analytics Projects,2020-02-03T16:35:19Z,32860,1063,62,2020-02-03,62,Feb
220,Data Science in Golf: PGA Merchandise Show 2020,2020-01-31T18:50:23Z,603,18,13,2020-01-31,13,Jan
221,How I Learned Data Science,2020-01-27T14:41:18Z,94351,2687,210,2020-01-27,210,Jan
222,What is Sports Analytics Really?,2020-01-20T14:00:00Z,22189,628,74,2020-01-20,74,Jan
223,Data Science Certificate vs Bootcamp vs Masters Degree,2020-01-18T01:03:08Z,112481,3146,575,2020-01-18,575,Jan
224,How To Learn Programming for Data Science [3 Steps],2020-01-13T16:48:44Z,30186,1982,96,2020-01-13,96,Jan
225,Data Science Fundamentals: SQL Queries,2020-01-10T19:15:01Z,6756,218,35,2020-01-10,35,Jan
226,Questions You Should Ask Your Data Science Interviewers,2020-01-06T14:00:04Z,3174,150,14,2020-01-06,14,Jan
227,The 9 Books That Changed My Perspective in 2019,2020-01-03T14:45:28Z,3403,177,25,2020-01-03,25,Jan
228,The Data Science Interview: What to Expect,2019-12-30T14:00:01Z,8703,381,32,2019-12-30,32,Dec
229,5 Data Science Resolutions for 2020,2019-12-27T14:00:07Z,476,25,12,2019-12-27,12,Dec
230,How to Scrape NBA Data Using the nba_api Python Module,2019-12-23T12:59:47Z,18069,628,95,2019-12-23,95,Dec
231,Collision Course: Sports Betting + Data Science,2019-12-20T14:00:02Z,19639,527,27,2019-12-20,27,Dec
232,3 Reasons You Should NOT Become a Data Scientist,2019-12-16T18:46:58Z,101021,2924,204,2019-12-16,204,Dec
233,5 Sports Analytics Books to Get You Started,2019-12-13T14:00:01Z,11422,423,60,2019-12-13,60,Dec
234,Math Needed for Mastering Data Science,2019-12-09T14:00:15Z,58117,2908,222,2019-12-09,222,Dec
235,The 5 Stages of Data Science Adoption,2019-12-06T14:00:04Z,1338,68,17,2019-12-06,17,Dec
236,How YOU Can Land a Sports Analytics Job,2019-12-02T14:00:05Z,72093,3160,232,2019-12-02,232,Dec
237,Data Science Fundamentals: Linear Regression,2019-11-29T14:00:02Z,6468,174,42,2019-11-29,42,Nov
238,Golf: Would You Rather Be the LONGEST or STRAIGHTEST Driver on the PGA Tour?,2019-11-25T14:00:11Z,1181,54,12,2019-11-25,12,Nov
239,Sports Analytics 101: The Pythagorean Theorem of Sports,2019-11-22T14:00:06Z,6526,280,26,2019-11-22,26,Nov
240,9 Ways You Can Make Extra Income as a Data Scientist,2019-11-18T15:34:12Z,46620,1758,78,2019-11-18,78,Nov
241,Applying Data Science To My YouTube Data: My Surprising Findings,2019-11-11T21:12:11Z,5980,138,31,2019-11-11,31,Nov
242,Why Selling Is An Important Data Science Skill,2019-11-04T14:57:00Z,1658,81,13,2019-11-04,13,Nov
243,By The Numbers: Where Should The NBA Put a 4 Point Line?,2019-10-21T16:38:58Z,2974,72,18,2019-10-21,18,Oct
244,Why is Balance Important in Data Science?,2019-10-16T17:40:34Z,715,32,13,2019-10-16,13,Oct
245,How to Stay Productive & Motivated When Learning Data Science,2019-09-29T00:29:59Z,12041,583,55,2019-09-29,55,Sep
246,How Far Should the NBA 3-Point Line Actually Be?,2019-09-21T23:04:57Z,4154,120,35,2019-09-21,35,Sep
247,6 Habits of Successful Data Scientists,2019-09-13T04:40:51Z,2260,97,17,2019-09-13,17,Sep
248,How To Build A Word Cloud From Scraped Data (Python),2019-09-04T01:32:06Z,4989,104,10,2019-09-04,10,Sep
249,Thank You For The Support | What's Next | Ken Jee | Data Science,2019-08-26T12:42:32Z,522,24,29,2019-08-26,29,Aug
250,Is Data Science Right For You?,2019-08-18T16:54:05Z,52157,1187,109,2019-08-18,109,Aug
251,Data Science Fundamentals: Data Cleaning in Python,2019-08-11T20:50:23Z,15205,394,55,2019-08-11,55,Aug
252,How To Get Data Science Experience (Without a Job),2019-08-08T01:58:40Z,29883,1388,77,2019-08-08,77,Aug
253,Take Your Data Science Projects From Good to Great,2019-08-05T02:34:28Z,1641,110,11,2019-08-05,11,Aug
254,The Projects You Should Do To Get A Data Science Job,2019-07-30T03:35:48Z,153495,5740,255,2019-07-30,255,Jul
255,What Does a Data Scientist Actually Do?,2019-07-19T03:18:04Z,49503,1307,80,2019-07-19,80,Jul
256,Data Science Fundamentals: Data Manipulation in Python (Pandas),2019-07-13T21:09:41Z,13226,356,44,2019-07-13,44,Jul
257,Data Science Fundamentals: Data Exploration in Python (Pandas),2019-07-05T14:29:49Z,18319,536,61,2019-07-05,61,Jul
258,Data Science: Pros and Cons,2019-06-30T15:26:49Z,5508,224,18,2019-06-30,18,Jun
259,How I Got My First Data Science Internship (And How You Can Land One),2019-06-21T04:33:34Z,25963,1230,89,2019-06-21,89,Jun
260,My Top 5 Data Science Internship Tips,2019-06-15T15:28:26Z,12139,502,24,2019-06-15,24,Jun
261,Golf STATS: Strokes Gained Explained,2019-06-07T03:10:34Z,7880,160,30,2019-06-07,30,Jun
262,Most Data Science Hopefuls Overlook This Important Skill,2019-05-25T18:34:33Z,622,44,5,2019-05-25,5,May
263,What I Learned From My Three Degrees,2019-05-17T03:10:29Z,1288,61,12,2019-05-17,12,May
264,I Wish I Had Known THIS Before Starting in Data Science,2019-05-14T00:21:28Z,25696,1067,66,2019-05-14,66,May
265,NASA Physicist Turned Data Scientist (Tim Bowling) - KNN EP. 02,2019-05-05T20:26:36Z,1266,40,2,2019-05-05,2,May
266,Should You Learn R for Data Science?,2019-04-25T15:00:01Z,21921,571,71,2019-04-25,71,Apr
267,Scrape Twitter Data in Python with Twitterscraper Module,2019-04-18T15:00:14Z,46631,851,330,2019-04-18,330,Apr
268,Work From Home Data Scientist: Day in the Life,2019-04-12T15:00:00Z,28208,755,101,2019-04-12,101,Apr
269,Where to Look for Data Science Jobs,2019-03-29T16:00:01Z,3033,118,9,2019-03-29,9,Mar
270,Data Science: Startup vs. Large Corporation,2019-03-21T17:00:01Z,2281,75,4,2019-03-21,4,Mar
271,"Data Science, Machine Learning, and AI: What's the Difference?",2019-03-16T14:00:04Z,6263,172,26,2019-03-16,26,Mar
272,Was Captain Marvel Bad? A Sentiment Analysis of Twitter Data,2019-03-09T21:58:10Z,4257,180,15,2019-03-09,15,Mar
273,Why You DON'T Want to be a WFH Data Scientist,2019-03-03T22:14:01Z,823,33,12,2019-03-03,12,Mar
274,Welcome To My Channel | Ken Jee | Data Science,2019-03-03T01:00:17Z,1466,34,8,2019-03-03,8,Mar
275,Where YOU Should Start With Data Science Projects,2019-02-19T03:23:50Z,17897,356,17,2019-02-19,17,Feb
276,Watch This Before Applying to Data Science Jobs,2019-02-04T23:40:34Z,1513,65,13,2019-02-04,13,Feb
277,My Top 5 Data Science Resources for 2019,2019-01-05T22:07:08Z,3738,122,15,2019-01-05,15,Jan
278,IT'S NOT TOO LATE TO LEARN CODE!,2018-12-18T02:01:15Z,845,35,6,2018-12-18,6,Dec
279,The Best Way to Predict NBA Minutes Played,2018-12-11T02:39:35Z,4909,116,15,2018-12-11,15,Dec
280,Demystifying Data Science Roles,2018-11-30T01:22:49Z,1150,53,5,2018-11-30,5,Nov
281,How to Simulate NBA Games in Python,2018-11-19T23:31:49Z,18430,403,50,2018-11-19,50,Nov
282,Should You Get A Masters in Data Science?,2018-11-14T01:39:33Z,20706,302,135,2018-11-14,135,Nov
283,How I Became A Data Scientist From a Business Background,2018-11-12T00:26:08Z,6530,198,23,2018-11-12,23,Nov
284,Predicting Season Long NBA Wins Using Multiple Linear Regression,2018-07-10T16:39:52Z,9050,196,17,2018-07-10,17,Jul
285,Predicting Crypto-Currency Price Using RNN lSTM & GRU,2017-11-18T20:04:51Z,19288,294,41,2017-11-18,41,Nov
